Redirect from,Redirect to
/products/small-yak-chews,/products/himalayan-yak-chews-for-dogs
/products/large-yak-cheese,/products/himalayan-yak-chews-for-dogs
/products/medium-yak-chews,/products/himalayan-yak-chews-for-dogs
/products/yak-cheese-chews,/products/himalayan-yak-chews-for-dogs
/products/himalayan-dog-chew,/products/himalayan-yak-chews-for-dogs
/products/natural-yak-chews,/products/himalayan-yak-chews-for-dogs
/products/yak-chew-small,/products/himalayan-yak-chews-for-dogs
/products/yak-chew-medium,/products/himalayan-yak-chews-for-dogs
/products/yak-chew-large,/products/himalayan-yak-chews-for-dogs
/products/yak-chew-xl,/products/himalayan-yak-chews-for-dogs
/products/himalayan-cheese-chew,/products/himalayan-yak-chews-for-dogs
/products/dog-chew-natural,/products/himalayan-yak-chews-for-dogs
/products/yak-milk-chew,/products/himalayan-yak-chews-for-dogs
/products/cheese-chew-for-dogs,/products/himalayan-yak-chews-for-dogs
/collections/yak-chews,/collections/all
/collections/dog-chews,/collections/all
/collections/himalayan-chews,/collections/all
/collections/natural-dog-chews,/collections/all
/collections/long-lasting-chews,/collections/all
/collections/rawhide-alternatives,/collections/all
/pages/who-we-are,/pages/about-us
/pages/contact-us,/pages/contact
/pages/faqs,/pages/faq
/pages/return-policy,/pages/refund-policy
/pages/wholesale-application,/pages/wholesale
/pages/our-story,/pages/about-us
/pages/about,/pages/about-us
/pages/returns,/pages/refund-policy
/pages/shipping-policy,/pages/refund-policy
/pages/size-guide,/pages/how-long-will-this-last-for-my-dog
/pages/sizing-guide,/pages/how-long-will-this-last-for-my-dog
/pages/chew-size-guide,/pages/how-long-will-this-last-for-my-dog
/pages/dog-chew-size-chart,/pages/how-long-will-this-last-for-my-dog
/pages/rawhide-alternative,/pages/rawhide-alternatives
/pages/rawhide-free,/pages/rawhide-alternatives
/pages/best-rawhide-alternative,/pages/rawhide-alternatives
/blogs/news,/blogs/dog-behavior
/blogs/blog,/blogs/dog-behavior
/blogs/articles,/blogs/dog-behavior
/blogs/dog-chews,/blogs/dog-behavior
/blogs/news/best-rawhide-alternative,/blogs/dog-behavior/best-rawhide-alternative
/blogs/news/how-long-do-yak-chews-last,/blogs/dog-behavior/how-long-do-yak-chews-last
/blogs/news/aggressive-chewer,/blogs/dog-behavior/aggressive-chewer-yak-chews
/blogs/news/yak-chew-for-puppies,/blogs/dog-behavior
/blogs/news/himalayan-dog-chew-review,/blogs/dog-behavior
